메뉴(ID),메뉴명,메뉴가격,지역특산메뉴여부,지역특산메뉴명,지역특산메뉴출처(URL),지역명,식당(ID),식당명,지점명
21454,한우대창구이(180g),34000,0,,,,10037,연타발,압구정본점
21455,닭 김치찌개,8000,0,,,,10037,연타발,압구정본점
21456,갈비꽃살,40000,0,,,,10037,연타발,압구정본점
21457,매화수,6000,0,,,,10037,연타발,압구정본점
21458,백세주,15000,0,,,,10037,연타발,압구정본점
21459,화랑,16000,0,,,,10037,연타발,압구정본점
21460,한우양념불고기(2인분이상),36000,0,,,,10037,연타발,압구정본점
21461,된장찌개+공기밥,5000,0,,,,10037,연타발,압구정본점
21462,화요41,45000,0,,,,10037,연타발,압구정본점
21463,한우육회비빔밥,10000,0,,,,10037,연타발,압구정본점
21464,799-805,75000,0,,,,10037,연타발,압구정본점
21465,메밀국수,8000,0,,,,10037,연타발,압구정본점
21466,비빔냉면,8000,0,,,,10037,연타발,압구정본점
21467,한우 꽃등심(150g) 2인분,126000,0,,,,10037,연타발,압구정본점
21468,전복갈비탕,20000,0,,,,10037,연타발,압구정본점
21469,양념왕갈비(280g),41000,0,,,,10037,연타발,압구정본점
21470,한우살치살(150g),73000,0,,,,10037,연타발,압구정본점
21471,곱창전골2인,50000,0,,,,10037,연타발,압구정본점
21472,특양구이(170g),35000,0,,,,10037,연타발,압구정본점
21473,컨디션,4000,0,,,,10037,연타발,압구정본점
21474,1865싱글빈야드까베르네쇼비뇽,75000,0,,,,10037,연타발,압구정본점
21475,799-805시크릿레드블랜드,70000,0,,,,10037,연타발,압구정본점
21476,몬테스알파까베르네소비뇽,55000,0,,,,10037,연타발,압구정본점
21477,Carmen Gran Reserva Cabernet Sauvigon,50000,0,,,,10037,연타발,압구정본점
21478,쿠보타만쥬,200000,0,,,,10037,연타발,압구정본점
21479,준마이다이긴죠,80000,0,,,,10037,연타발,압구정본점
21480,오토코야마준마이,80000,0,,,,10037,연타발,압구정본점
21481,준마이750,35000,0,,,,10037,연타발,압구정본점
21482,일품진로,30000,0,,,,10037,연타발,압구정본점
21483,페리에,5000,0,,,,10037,연타발,압구정본점
21484,우롱차,3000,0,,,,10037,연타발,압구정본점
21485,콜라/사이다,2000,0,,,,10037,연타발,압구정본점
21486,화요41˚,45000,0,,,,10037,연타발,압구정본점
21487,화요25˚,25000,0,,,,10037,연타발,압구정본점
21488,화요17˚,20000,0,,,,10037,연타발,압구정본점
21489,아사히생맥주,10000,0,,,,10037,연타발,압구정본점
21490,매취순,15000,0,,,,10037,연타발,압구정본점
21491,복분자,15000,0,,,,10037,연타발,압구정본점
21492,막걸리,10000,0,,,,10037,연타발,압구정본점
21493,혼합소주,8000,0,,,,10037,연타발,압구정본점
21494,청하,7000,0,,,,10037,연타발,압구정본점
21495,클라우드,8000,0,,,,10037,연타발,압구정본점
21496,맥주,7000,0,,,,10037,연타발,압구정본점
21497,소주,5000,0,,,,10037,연타발,압구정본점
21498,해물순두부,7000,0,,,,10037,연타발,압구정본점
21499,낙지덮밥,10000,0,,,,10037,연타발,압구정본점
21500,우거지해장국,9000,0,,,,10037,연타발,압구정본점
21501,열무국수,8000,0,,,,10037,연타발,압구정본점
21502,열무비빔국수,7000,0,,,,10037,연타발,압구정본점
21503,청국장,8000,0,,,,10037,연타발,압구정본점
21504,돈까스,7000,0,,,,10037,연타발,압구정본점
21505,떡만두국,7000,0,,,,10037,연타발,압구정본점
21506,갈비탕,15000,0,,,,10037,연타발,압구정본점
21507,한우양념불고기,36000,0,,,,10037,연타발,압구정본점
21508,제육볶음,9000,0,,,,10037,연타발,압구정본점
21509,양대창구이,26000,0,,,,10037,연타발,압구정본점
21510,열무국수,8000,0,,,,10037,연타발,압구정본점
21511,한우된장찌개,9000,0,,,,10037,연타발,압구정본점
21512,고등어조림,9000,0,,,,10037,연타발,압구정본점
21513,한우육회비빔밥,10000,0,,,,10037,연타발,압구정본점
21514,돌솥비빔밥,10000,0,,,,10037,연타발,압구정본점
21515,청국장,10000,0,,,,10037,연타발,압구정본점
21516,김치찌개(2인분이상),20000,0,,,,10037,연타발,압구정본점
21517,전복갈비탕,20000,0,,,,10037,연타발,압구정본점
21518,특왕갈비탕,18000,0,,,,10037,연타발,압구정본점
21519,갈비탕,15000,0,,,,10037,연타발,압구정본점
21520,양치밥(2인분이상),24000,0,,,,10037,연타발,압구정본점
21521,양밥(2인분이상),20000,0,,,,10037,연타발,압구정본점
21522,한우양념불고기(2인분이상),36000,0,,,,10037,연타발,압구정본점
21523,곱창전골(2인분이상),50000,0,,,,10037,연타발,압구정본점
21524,양or대창구이,31000,0,,,,10037,연타발,압구정본점
21525,이동양념구이정식,22000,0,,,,10037,연타발,압구정본점
21526,통문어갈비탕,20000,0,,,,10037,연타발,압구정본점
21527,김치찌개,10000,0,,,,10037,연타발,압구정본점
21528,열무국수,7000,0,,,,10037,연타발,압구정본점
21529,공기밥추가,1000,0,,,,10037,연타발,압구정본점
21530,된장찌개+누룽지,5000,0,,,,10037,연타발,압구정본점
21531,된장찌개+공기밥,5000,0,,,,10037,연타발,압구정본점
21532,된장찌개,3000,0,,,,10037,연타발,압구정본점
21533,비빔냉면,8000,0,,,,10037,연타발,압구정본점
21534,물냉면,8000,0,,,,10037,연타발,압구정본점
21535,양치밥(2인분이상),24000,0,,,,10037,연타발,압구정본점
21536,이동양념구이280g,27000,0,,,,10037,연타발,압구정본점
21537,양밥(2인분이상),20000,0,,,,10037,연타발,압구정본점
21538,한우새우살,68000,0,,,,10037,연타발,압구정본점
21539,한우양념등심,35000,0,,,,10037,연타발,압구정본점
21540,연타발한우모듬,130000,0,,,,10037,연타발,압구정본점
21541,한우특등심,68000,0,,,,10037,연타발,압구정본점
21542,한우알치마살,53000,0,,,,10037,연타발,압구정본점
21543,한우육회(150g),30000,0,,,,10037,연타발,압구정본점
21544,양념왕갈비(280g),41000,0,,,,10037,연타발,압구정본점
21545,운동장갈비(600g),82000,0,,,,10037,연타발,압구정본점
21546,한우생등심(150g),53000,0,,,,10037,연타발,압구정본점
21547,한우꽃등심(150g),63000,0,,,,10037,연타발,압구정본점
21548,한우꽃등심,63000,0,,,,10037,연타발,압구정본점
21549,한우살치살(150g),73000,0,,,,10037,연타발,압구정본점
21550,한우대창구이(180g),34000,0,,,,10037,연타발,압구정본점
21551,특양구이(170g),35000,0,,,,10037,연타발,압구정본점
21552,양념왕갈비(2+1),82000,0,,,,10037,연타발,압구정본점
21553,이동양념구이(2+1),56000,0,,,,10037,연타발,압구정본점
21554,양념왕갈비(주말/공휴일특선_3인분),123000,0,,,,10037,연타발,압구정본점
21555,이동양념구이(주말/공휴일특선_3인분),81000,0,,,,10037,연타발,압구정본점
21809,레몬에이드,6800,0,,,,10043,폴인팬케이크,강남점
21810,자몽에이드,6800,0,,,,10043,폴인팬케이크,강남점
21811,밀크티,6000,0,,,,10043,폴인팬케이크,강남점
21812,크림슨펀치,5800,0,,,,10043,폴인팬케이크,강남점
21813,루이보스슈프림,5300,0,,,,10043,폴인팬케이크,강남점
21814,로얄캐모마일,4800,0,,,,10043,폴인팬케이크,강남점
21815,겐마이차,4800,0,,,,10043,폴인팬케이크,강남점
21816,얼그레이,5000,0,,,,10043,폴인팬케이크,강남점
21817,잉글리쉬블랙퍼스트,5300,0,,,,10043,폴인팬케이크,강남점
21818,비엔나커피,6500,0,,,,10043,폴인팬케이크,강남점
21819,카페모카,6000,0,,,,10043,폴인팬케이크,강남점
21820,카푸치노,5300,0,,,,10043,폴인팬케이크,강남점
21821,씨솔트 아인슈페너,6500,0,,,,10043,폴인팬케이크,강남점
21822,카페라떼,5400,0,,,,10043,폴인팬케이크,강남점
21823,아메리카노,4800,0,,,,10043,폴인팬케이크,강남점
21824,코코넛티라미수,13500,0,,,,10043,폴인팬케이크,강남점
21825,피스타치오크러쉬,13500,0,,,,10043,폴인팬케이크,강남점
21826,베리나이스데이,16800,0,,,,10043,폴인팬케이크,강남점
21827,얼그레이풀,16800,0,,,,10043,폴인팬케이크,강남점
21828,파인티라미수,16800,0,,,,10043,폴인팬케이크,강남점
21829,바나나웍스,16300,0,,,,10043,폴인팬케이크,강남점
21830,그린마일,16800,0,,,,10043,폴인팬케이크,강남점
21831,플라이망고,16300,0,,,,10043,폴인팬케이크,강남점
21832,코코넛티라미수,13500,0,,,,10043,폴인팬케이크,강남점
21833,피스타치오크러쉬,13500,0,,,,10043,폴인팬케이크,강남점
21834,얼그레이풀세트(4인),60200,0,,,,10043,폴인팬케이크,강남점
21835,파인티라미수세트(4인),60200,0,,,,10043,폴인팬케이크,강남점
21836,얼그레이풀세트(2인),30100,0,,,,10043,폴인팬케이크,강남점
21837,베리나이스데이세트(2인),30100,0,,,,10043,폴인팬케이크,강남점
22997,후식냉면(물/비빔),7000,0,,,,10065,연타발,선릉점
22998,디아블로 까베르네 쇼비뇽,25000,0,,,,10065,연타발,선릉점
22999,뚝배기불고기,7000,0,,,,10065,연타발,선릉점
23000,고기고육개장,9000,0,,,,10065,연타발,선릉점
23001,돌솥양볶음밥,9000,0,,,,10065,연타발,선릉점
23002,가족사랑 양념소갈비(1kg/2~3인분),49000,0,,,,10065,연타발,선릉점
23003,육회냉면(비빔/물),9000,0,,,,10065,연타발,선릉점
23004,갈비냉면,18000,0,,,,10065,연타발,선릉점
23005,빈 555 쉬라즈,70000,0,,,,10065,연타발,선릉점
23006,설화,70000,0,,,,10065,연타발,선릉점
23007,화요41,55000,0,,,,10065,연타발,선릉점
23008,청국장정식,21000,0,,,,10065,연타발,선릉점
23009,1879 A 카베르네 쇼비뇽 리져브,80000,0,,,,10065,연타발,선릉점
23010,Wine By Glass,10000,0,,,,10065,연타발,선릉점
23011,하이트,6000,0,,,,10065,연타발,선릉점
23012,양밥1인,20000,0,,,,10065,연타발,선릉점
23013,소양념구이,33000,0,,,,10065,연타발,선릉점
23014,된장찌개+솥밥,7000,0,,,,10065,연타발,선릉점
23015,돌솥비빔밥,9000,0,,,,10065,연타발,선릉점
23016,참나무통맑은이슬,7000,0,,,,10065,연타발,선릉점
23017,돼지양념구이정식,19000,0,,,,10065,연타발,선릉점
23018,드라이목살구이정식,22000,0,,,,10065,연타발,선릉점
23019,문경바람,30000,0,,,,10065,연타발,선릉점
23020,음료 (사이다/콜라),2000,0,,,,10065,연타발,선릉점
23021,막걸리,5000,0,,,,10065,연타발,선릉점
23022,고등어구이,13000,0,,,,10065,연타발,선릉점
23023,냉면(물/비빔),7000,0,,,,10065,연타발,선릉점
23024,몬테스 클래식 카버네 쇼비뇽,70000,0,,,,10065,연타발,선릉점
23025,한우육회비빔밥,10000,0,,,,10065,연타발,선릉점
23026,수제돈까스,8000,0,,,,10065,연타발,선릉점
23027,이동양념구이(280g),27000,0,,,,10065,연타발,선릉점
23028,운동장갈비정식(물냉면/비빔냉면),82000,0,,,,10065,연타발,선릉점
23029,옛날전통청국장 정식,21000,0,,,,10065,연타발,선릉점
23030,티본선물포장(500g),160000,0,,,,10065,연타발,선릉점
23031,매운 돼지갈비찜,11000,0,,,,10065,연타발,선릉점
23032,차돌된장찌개,9000,0,,,,10065,연타발,선릉점
23033,운동장갈비정식(된장찌개&공기밥),82000,0,,,,10065,연타발,선릉점
23034,한우 꽃등심(150g) 2인분,126000,0,,,,10065,연타발,선릉점
23035,고기고소양념구이정식,25000,0,,,,10065,연타발,선릉점
23036,바삭 돼지 불고기,9000,0,,,,10065,연타발,선릉점
23037,양념왕갈비포장,114000,0,,,,10065,연타발,선릉점
23038,화요53,75000,0,,,,10065,연타발,선릉점
23039,사리추가,4000,0,,,,10065,연타발,선릉점
23040,한우등심버섯샤브샤브,15000,0,,,,10065,연타발,선릉점
23041,티본선물포장(1kg),320000,0,,,,10065,연타발,선릉점
23042,김치전골,9000,0,,,,10065,연타발,선릉점
23043,장뇌삼백두세트(17년근),250000,0,,,,10065,연타발,선릉점
23044,장뇌삼한라세트(14~15년근),200000,0,,,,10065,연타발,선릉점
23045,드라이프리미엄모둠,41000,0,,,,10065,연타발,선릉점
23046,장뇌삼금강세트(10~12년근),150000,0,,,,10065,연타발,선릉점
23047,왕양념한돈구이디너세트,23000,0,,,,10065,연타발,선릉점
23048,장뇌삼태백세트(7~8년근),100000,0,,,,10065,연타발,선릉점
23049,한우보신세트3호,120000,0,,,,10065,연타발,선릉점
23050,전복갈비탕,20000,0,,,,10065,연타발,선릉점
23051,돼지양념구이,17000,0,,,,10065,연타발,선릉점
23052,한우양념불고기2인분(360g),36000,0,,,,10065,연타발,선릉점
23053,왕양념한돈구이,19000,0,,,,10065,연타발,선릉점
23054,한우보신세트2호,90000,0,,,,10065,연타발,선릉점
23055,한우보신세트1호,60000,0,,,,10065,연타발,선릉점
23056,드라이목살,20000,0,,,,10065,연타발,선릉점
23057,한우티본(1000g),320000,0,,,,10065,연타발,선릉점
23058,한우꽃등심(150g),63000,0,,,,10065,연타발,선릉점
23059,한우티본(900g),288000,0,,,,10065,연타발,선릉점
23060,한우불고기선물세트2호,200000,0,,,,10065,연타발,선릉점
23061,드라이진삼겹,18000,0,,,,10065,연타발,선릉점
23062,한우살치살(150g),73000,0,,,,10065,연타발,선릉점
23063,한우티본(800g),256000,0,,,,10065,연타발,선릉점
23064,한우불고기선물세트1호,150000,0,,,,10065,연타발,선릉점
23065,한우 갈비살150g,38000,0,,,,10065,연타발,선릉점
23066,양념왕갈비(280g),41000,0,,,,10065,연타발,선릉점
23067,이동양념구이(280g),27000,0,,,,10065,연타발,선릉점
23068,한우등심선물세트2호,400000,0,,,,10065,연타발,선릉점
23069,한우티본(700g),224000,0,,,,10065,연타발,선릉점
23070,한우우거지국밥,9000,0,,,,10065,연타발,선릉점
23071,한우티본(600g),192000,0,,,,10065,연타발,선릉점
23072,양념왕갈비(주말/공휴일특선_3인분),123000,0,,,,10065,연타발,선릉점
23073,한우등심선물세트1호,300000,0,,,,10065,연타발,선릉점
23074,프리미엄 LA 통갈비,33000,0,,,,10065,연타발,선릉점
23075,이동양념구이(주말/공휴일특선_3인분),81000,0,,,,10065,연타발,선릉점
23076,한우명품선물세트,300000,0,,,,10065,연타발,선릉점
23077,한우티본(500g),160000,0,,,,10065,연타발,선릉점
23078,건조숙성한우엘본,30000,0,,,,10065,연타발,선릉점
23079,보리굴비정식,25000,0,,,,10065,연타발,선릉점
23080,한우혼합선물세트,230000,0,,,,10065,연타발,선릉점
23081,Prime T - BONE,135000,0,,,,10065,연타발,선릉점
23082,한우대창구이,34000,0,,,,10065,연타발,선릉점
23083,프리미엄 모듬 특선,195000,0,,,,10065,연타발,선릉점
23084,골드세트,300000,0,,,,10065,연타발,선릉점
23085,한우정육세트,160000,0,,,,10065,연타발,선릉점
23086,한우곱창전골정식,17000,0,,,,10065,연타발,선릉점
23087,드라이숙성통갈비,53000,0,,,,10065,연타발,선릉점
23088,특양구이(170g),35000,0,,,,10065,연타발,선릉점
23089,한우 암소 살치살,59000,0,,,,10065,연타발,선릉점
23090,한우 안창살,63000,0,,,,10065,연타발,선릉점
23091,한우갈비선물세트2호,250000,0,,,,10065,연타발,선릉점
23092,드라이숙성본인립아이,42000,0,,,,10065,연타발,선릉점
23093,1등세트,250000,0,,,,10065,연타발,선릉점
23094,소 왕갈비 정식,25000,0,,,,10065,연타발,선릉점
23095,한우생등심,43000,0,,,,10065,연타발,선릉점
23096,한우갈비선물세트1호,200000,0,,,,10065,연타발,선릉점
23097,마음세트,200000,0,,,,10065,연타발,선릉점
23098,옛날 불고기정식,15000,0,,,,10065,연타발,선릉점
23099,한우숙성등심,43000,0,,,,10065,연타발,선릉점
23100,명품왕양념소갈비,38000,0,,,,10065,연타발,선릉점
23101,한우티본(100g),32000,0,,,,10065,연타발,선릉점
23102,Prime L - BONE,100000,0,,,,10065,연타발,선릉점
23103,일품진로,45000,0,,,,10065,연타발,선릉점
23104,화요25,35000,0,,,,10065,연타발,선릉점
23105,콜라,2000,0,,,,10065,연타발,선릉점
23106,사이다,2000,0,,,,10065,연타발,선릉점
23107,복분자,15000,0,,,,10065,연타발,선릉점
23108,클라우드,7000,0,,,,10065,연타발,선릉점
23109,맥주,7000,0,,,,10065,연타발,선릉점
23110,소주,5000,0,,,,10065,연타발,선릉점
23111,까르멘 톨텐 까베르네 쇼비뇽,20000,0,,,,10065,연타발,선릉점
23112,몬테스 알파 까베르네 쇼비뇽,70000,0,,,,10065,연타발,선릉점
23113,1865 싱글 빈야드 까베르네 쇼비뇽,90000,0,,,,10065,연타발,선릉점
23114,양념왕갈비 2+1,123000,0,,,,10065,연타발,선릉점
23115,이동양념구이 2+1,81000,0,,,,10065,연타발,선릉점
23116,실속세트,138000,0,,,,10065,연타발,선릉점
23117,양대창커플세트,93000,0,,,,10065,연타발,선릉점
23118,통문어갈비탕,20000,0,,,,10065,연타발,선릉점
23119,된장찌개+누룽지,5000,0,,,,10065,연타발,선릉점
23120,된장찌개+공기밥,5000,0,,,,10065,연타발,선릉점
23121,비빔냉면,8000,0,,,,10065,연타발,선릉점
23122,물냉면,8000,0,,,,10065,연타발,선릉점
23123,양치밥2인,24000,0,,,,10065,연타발,선릉점
23124,양밥2인,20000,0,,,,10065,연타발,선릉점
23125,연타발갈비김치찌개(2인),20000,0,,,,10065,연타발,선릉점
23126,곱창전골2인,40000,0,,,,10065,연타발,선릉점
23127,한우육회(150g),30000,0,,,,10065,연타발,선릉점
23128,양념왕갈비(280g),41000,0,,,,10065,연타발,선릉점
23129,운동장갈비(600g),82000,0,,,,10065,연타발,선릉점
23130,한우생등심,53000,0,,,,10065,연타발,선릉점
23131,한우꽃등심,63000,0,,,,10065,연타발,선릉점
23132,한우꽃등심,63000,0,,,,10065,연타발,선릉점
23133,한우살치살,73000,0,,,,10065,연타발,선릉점
23134,한우대창(180g),34000,0,,,,10065,연타발,선릉점
23135,특양구이(170g),35000,0,,,,10065,연타발,선릉점
23136,곱창전골정식(1인),25000,0,,,,10065,연타발,선릉점
23137,이동양념구이정식,22000,0,,,,10065,연타발,선릉점
23138,한우양념불고기(180g),18000,0,,,,10065,연타발,선릉점
23139,양치밥(2인),24000,0,,,,10065,연타발,선릉점
23140,양밥(2인),20000,0,,,,10065,연타발,선릉점
23141,연타발갈비김치찌개,11000,0,,,,10065,연타발,선릉점
23142,전복갈비탕,20000,0,,,,10065,연타발,선릉점
23143,특왕갈비탕,18000,0,,,,10065,연타발,선릉점
23144,갈비탕,15000,0,,,,10065,연타발,선릉점
23145,이동양념구이,100000,0,,,,10065,연타발,선릉점
23146,연타발갈비김치찌개(2인),20000,0,,,,10065,연타발,선릉점
23147,양치밥2+1,24000,0,,,,10065,연타발,선릉점
23148,양밥포장2+1 Set,20000,0,,,,10065,연타발,선릉점
23149,갈비탕선물세트(2인분),28000,0,,,,10065,연타발,선릉점
23150,갈비탕선물세트(1인분),15000,0,,,,10065,연타발,선릉점
57329,전복회,120000,0,,,,12309,쿤스트할레,
57330,전복구이,60000,0,,,,12309,쿤스트할레,
57331,버터구이,60000,0,,,,12309,쿤스트할레,
57332,전복찜,70000,0,,,,12309,쿤스트할레,
57333,전복죽,30000,0,,,,12309,쿤스트할레,
57334,전복밥,100000,0,,,,12309,쿤스트할레,
57335,탕탕,70000,0,,,,12309,쿤스트할레,
57336,연포,70000,0,,,,12309,쿤스트할레,
57337,연포탕,70000,0,,,,12309,쿤스트할레,
57338,호롱구이,70000,0,,,,12309,쿤스트할레,
57339,무침,70000,0,,,,12309,쿤스트할레,
57340,홍어회(예약),150000,0,,,,12309,쿤스트할레,
57341,홍어찜(예약),100000,0,,,,12309,쿤스트할레,
57342,삼합(大/예약),180000,0,,,,12309,쿤스트할레,
57343,삼합(中/예약),100000,0,,,,12309,쿤스트할레,
57344,홍어탕(예약),100000,0,,,,12309,쿤스트할레,
57345,홍어무침(예약),100000,0,,,,12309,쿤스트할레,
57346,전복갈비찜,100000,0,,,,12309,쿤스트할레,
57347,갈비찜(中),66000,0,,,,12309,쿤스트할레,
57348,갈비찜(大),77000,0,,,,12309,쿤스트할레,
57349,육전,70000,0,,,,12309,쿤스트할레,
57350,불고기,60000,0,,,,12309,쿤스트할레,
57351,보쌈,60000,0,,,,12309,쿤스트할레,
57352,보리굴 비정식(1미/2인이상/예약),55000,0,,,,12309,쿤스트할레,
57353,갈비찜정식(2인이상/예약),77000,0,,,,12309,쿤스트할레,
57354,비스트로문정식(2인이상/예약),99000,0,,,,12309,쿤스트할레,
57355,스페샬정식(2인이상/예약),150000,0,,,,12309,쿤스트할레,
57405,탕수육,28000,0,,,,12324,미스터 향,역삼점
57406,깐풍기,30000,0,,,,12324,미스터 향,역삼점
57407,양장피,38000,0,,,,12324,미스터 향,역삼점
57408,유린기,30000,0,,,,12324,미스터 향,역삼점
57409,유산슬,38000,0,,,,12324,미스터 향,역삼점
57410,난자완스,37000,0,,,,12324,미스터 향,역삼점
57411,팔보채,50000,0,,,,12324,미스터 향,역삼점
57412,칠리새우,35000,0,,,,12324,미스터 향,역삼점
57413,크림새우,35000,0,,,,12324,미스터 향,역삼점
57414,전가복,74000,0,,,,12324,미스터 향,역삼점
57415,어향동고,37000,0,,,,12324,미스터 향,역삼점
57416,꿔바로우,26000,0,,,,12324,미스터 향,역삼점
57417,소고기피망볶음(고추잡채)+꽃빵 4개,35000,0,,,,12324,미스터 향,역삼점
57418,짜장면,7000,0,,,,12324,미스터 향,역삼점
57419,옛날짬뽕,8000,0,,,,12324,미스터 향,역삼점
57420,하얀짬뽕,9000,0,,,,12324,미스터 향,역삼점
57421,삼선짬뽕,11000,0,,,,12324,미스터 향,역삼점
57422,마파두부 덮밥,9000,0,,,,12324,미스터 향,역삼점
57423,시금치 고기덮밥,9000,0,,,,12324,미스터 향,역삼점
57424,옛날볶음밥+후라이,8000,0,,,,12324,미스터 향,역삼점
57425,잡채볶음밥+후라이,12000,0,,,,12324,미스터 향,역삼점
57426,소고기 피망덮밥(고추잡채),11000,0,,,,12324,미스터 향,역삼점
57427,탕수육+볶음밥,9000,0,,,,12324,미스터 향,역삼점
57428,중화제육+볶음밥,10000,0,,,,12324,미스터 향,역삼점
57429,어향동고+볶음밥,12000,0,,,,12324,미스터 향,역삼점
57430,칠리새우+볶음밥,9000,0,,,,12324,미스터 향,역삼점
57431,깐풍기+볶음밥,9000,0,,,,12324,미스터 향,역삼점
57432,탕수육+칠리새우+볶음밥,13500,0,,,,12324,미스터 향,역삼점
57433,깐풍기+유산슬+볶음밥,15000,0,,,,12324,미스터 향,역삼점
57434,어향동고+꿔바로우+볶음밥,16500,0,,,,12324,미스터 향,역삼점
57435,팔보채+크림새우+볶음밥,18000,0,,,,12324,미스터 향,역삼점
57436,탕수육 小,14000,0,,,,12324,미스터 향,역삼점
57437,꿔바로우 小,14000,0,,,,12324,미스터 향,역삼점
57438,깐풍기 小,17000,0,,,,12324,미스터 향,역삼점
57439,유린기 小,17000,0,,,,12324,미스터 향,역삼점
57440,칠리새우 小,18000,0,,,,12324,미스터 향,역삼점
57441,크림새우 小,18000,0,,,,12324,미스터 향,역삼점
57442,갑오징어 볶음 小,20000,0,,,,12324,미스터 향,역삼점
57443,갑오징어 볶음 大,40000,0,,,,12324,미스터 향,역삼점
57444,시금치볶음 小,15000,0,,,,12324,미스터 향,역삼점
57445,시금치볶음 大,30000,0,,,,12324,미스터 향,역삼점
57446,어향동고 小,20000,0,,,,12324,미스터 향,역삼점
57447,전가복 小,38000,0,,,,12324,미스터 향,역삼점
57448,양장피 小,20000,0,,,,12324,미스터 향,역삼점
57449,짬뽕탕,15000,0,,,,12324,미스터 향,역삼점
57450,군만두,6000,0,,,,12324,미스터 향,역삼점
57451,찐만두,6000,0,,,,12324,미스터 향,역삼점
57452,소주,3000,0,,,,12324,미스터 향,역삼점
57453,카스,5000,0,,,,12324,미스터 향,역삼점
57454,테라,5000,0,,,,12324,미스터 향,역삼점
57455,칭따오 大,8000,0,,,,12324,미스터 향,역삼점
57456,연태고량주 小,10000,0,,,,12324,미스터 향,역삼점
57457,연태고량주 中,20000,0,,,,12324,미스터 향,역삼점
57458,연태고량주 大,38000,0,,,,12324,미스터 향,역삼점
58206,특사사미,100000,0,,,,12397,아오끼,
58207,사시미,80000,0,,,,12397,아오끼,
58208,저녁정식,60000,0,,,,12397,아오끼,
58209,특사시미(3-4인)+발렌타인 17년 1병,400000,0,,,,12397,아오끼,
58210,특사시미(3-4인)+윈저 17년 1병,350000,0,,,,12397,아오끼,
58211,특사시미(2인)+발렌타인1년 1병,300000,0,,,,12397,아오끼,
58212,특사시미(2인)+윈저 17년 1병,200000,0,,,,12397,아오끼,
60421,잡탕밥,16000,0,,,,12622,연화산,
60422,류산슬밥,16000,0,,,,12622,연화산,
60423,송이밥,9000,0,,,,12622,연화산,
60424,볶음밥,7500,0,,,,12622,연화산,
60425,삼선볶음밥,9000,0,,,,12622,연화산,
60426,새우볶음밥,9000,0,,,,12622,연화산,
60427,짜장밥,8000,0,,,,12622,연화산,
60428,짬뽕밥,8500,0,,,,12622,연화산,
60429,삼선짬뽕밥,10000,0,,,,12622,연화산,
60430,잡채밥,8000,0,,,,12622,연화산,
60431,고추잡채밥,10000,0,,,,12622,연화산,
60432,마파두부밥,8000,0,,,,12622,연화산,
60433,짜장,6500,0,,,,12622,연화산,
60434,간짜장,7500,0,,,,12622,연화산,
60435,삼선짜장,9000,0,,,,12622,연화산,
60436,쟁반짜장,8500,0,,,,12622,연화산,
60437,특면,9000,0,,,,12622,연화산,
60438,짬뽕,8500,0,,,,12622,연화산,
60439,삼선짬뽕,10000,0,,,,12622,연화산,
60440,삼선우동,10000,0,,,,12622,연화산,
60441,사천탕면,10000,0,,,,12622,연화산,
60442,기스면,8000,0,,,,12622,연화산,
60443,군만두,6000,0,,,,12622,연화산,
60444,매운굴짬뽕(얼큰한맛),10000,0,,,,12622,연화산,
60445,굴짬뽕(시원한맛),10000,0,,,,12622,연화산,
60446,굴우동(개운한맛),10000,0,,,,12622,연화산,
60447,깐평찌(中/3~4人),33000,0,,,,12622,연화산,
60448,깐평찌(小/2人),25000,0,,,,12622,연화산,
60449,유린찌(中/3~4人),33000,0,,,,12622,연화산,
60450,유린찌(小/2人),25000,0,,,,12622,연화산,
60451,라조찌(中/3~4人),35000,0,,,,12622,연화산,
60452,라조찌(小/2人),25000,0,,,,12622,연화산,
60453,숭룽찌펜(中/3~4人),55000,0,,,,12622,연화산,
60454,숭룽찌펜(小/2人),38000,0,,,,12622,연화산,
60455,꿍빠오찌띵(中/3~4人),35000,0,,,,12622,연화산,
60456,꿍빠오찌띵(小/2人),27000,0,,,,12622,연화산,
60457,동퍼로우(大/5~6人),53000,0,,,,12622,연화산,
60458,동퍼로우(中/3~4人),35000,0,,,,12622,연화산,
60459,꿔바로우(中/3~4人),30000,0,,,,12622,연화산,
60460,꿔바로우(小/2人),25000,0,,,,12622,연화산,
60461,구라우로우(中/3~4人),30000,0,,,,12622,연화산,
60462,구라우로우(小/2人),25000,0,,,,12622,연화산,
60463,탕추로우(中/3~4人),25000,0,,,,12622,연화산,
60464,탕추로우(小/2人),20000,0,,,,12622,연화산,
60465,즈아로우(中/3~4人),25000,0,,,,12622,연화산,
60466,즈아로우(小/2人),20000,0,,,,12622,연화산,
60467,라즈로우띵(大/5~6人),42000,0,,,,12622,연화산,
60468,라즈로우띵(中/3~4人),28000,0,,,,12622,연화산,
60469,난젠완즈(大/5~6人),53000,0,,,,12622,연화산,
60470,난젠완즈(中/3~4人),35000,0,,,,12622,연화산,
60471,칭조우로우스(大/5~6人),53000,0,,,,12622,연화산,
60472,칭조우로우스(中/3~4人),35000,0,,,,12622,연화산,
60473,차우규차이(大/5~6人),53000,0,,,,12622,연화산,
60474,차우규차이(中/3~4人),35000,0,,,,12622,연화산,
60475,찡장로우스(大/5~6人),45000,0,,,,12622,연화산,
60476,찡장로우스(中/3~4人),35000,0,,,,12622,연화산,
60477,청도맥주(大),10000,0,,,,12622,연화산,
60478,청도맥주(中),5000,0,,,,12622,연화산,
60479,이과두주(小),5000,0,,,,12622,연화산,
60480,고량주(中),10000,0,,,,12622,연화산,
60481,대만죽엽청주(大),70000,0,,,,12622,연화산,
60482,중국죽엽주(大),50000,0,,,,12622,연화산,
60483,중국죽엽주(中),25000,0,,,,12622,연화산,
60484,연태고량(大),50000,0,,,,12622,연화산,
60485,연태고량(中),25000,0,,,,12622,연화산,
60486,연태고량(小),15000,0,,,,12622,연화산,
60487,공부가주(大),50000,0,,,,12622,연화산,
60488,공부가주(中),25000,0,,,,12622,연화산,
60489,공부가주(小),15000,0,,,,12622,연화산,
60490,천진고량주(大),60000,0,,,,12622,연화산,
60491,천진고량주(中),30000,0,,,,12622,연화산,
60492,천진고량주(小),18000,0,,,,12622,연화산,
60493,금문고량주(大),180000,0,,,,12622,연화산,
60494,금문고량주(中),90000,0,,,,12622,연화산,
60495,수정방(大),520000,0,,,,12622,연화산,
60496,주귀주(大),700000,0,,,,12622,연화산,
60497,오량액(大),740000,0,,,,12622,연화산,
60498,마오타이(大),760000,0,,,,12622,연화산,
60499,양하대곡(大),60000,0,,,,12622,연화산,
60500,양하대곡(中),40000,0,,,,12622,연화산,
60501,백년고독(大),90000,0,,,,12622,연화산,
60502,소흥주(大),50000,0,,,,12622,연화산,
60503,오가피주(大),80000,0,,,,12622,연화산,
60504,소주,4000,0,,,,12622,연화산,
60505,맥주,5000,0,,,,12622,연화산,
60506,청하,8000,0,,,,12622,연화산,
60507,백세주,10000,0,,,,12622,연화산,
60508,산사춘,10000,0,,,,12622,연화산,
60509,매취순,12000,0,,,,12622,연화산,
60510,음료(콜라),2000,0,,,,12622,연화산,
60511,음료(사이다),2000,0,,,,12622,연화산,
60512,소진이(3인이상주문/1인분),50000,0,,,,12622,연화산,
60513,이태백(2인이상주문/1인분),80000,0,,,,12622,연화산,
60514,연화산령차이,70000,0,,,,12622,연화산,
60515,따이즈령차이,35000,0,,,,12622,연화산,
60516,반싼센,40000,0,,,,12622,연화산,
60517,량반주피,30000,0,,,,12622,연화산,
60518,우썅장뉴로우,30000,0,,,,12622,연화산,
60519,숭화단,15000,0,,,,12622,연화산,
60520,싼핀령차이,30000,0,,,,12622,연화산,
60521,쓰핀령차이,40000,0,,,,12622,연화산,
60522,라죠뽀위(中/3~4人),70000,0,,,,12622,연화산,
60523,라죠뽀위(小/2人),49000,0,,,,12622,연화산,
60524,숭룽뽀위(中/3~4人),65000,0,,,,12622,연화산,
60525,숭룽뽀위(小/2人),45000,0,,,,12622,연화산,
60526,용순뽀위(中/3~4人),65000,0,,,,12622,연화산,
60527,용순뽀위(小/2人),45000,0,,,,12622,연화산,
60528,하이슨뽀위(中/3~4人),70000,0,,,,12622,연화산,
60529,하이슨뽀위(小/2人),49000,0,,,,12622,연화산,
60530,숭룽하이슨(中/3~4人),70000,0,,,,12622,연화산,
60531,숭룽하이슨(小/2人),49000,0,,,,12622,연화산,
60532,진스우롱하이슨(中/3~4人),60000,0,,,,12622,연화산,
60533,진스우롱하이슨(小/2人),42000,0,,,,12622,연화산,
60534,마라따이즈(中/3~4人),55000,0,,,,12622,연화산,
60535,마라따이즈(小/2人),38000,0,,,,12622,연화산,
60536,숭룽따이즈(中/3~4人),60000,0,,,,12622,연화산,
60537,숭룽따이즈(小/2人),42000,0,,,,12622,연화산,
60538,깐펑따이즈(中/3~4人),55000,0,,,,12622,연화산,
60539,깐펑따이즈(小/2人),38000,0,,,,12622,연화산,
60540,홍쇼따이즈(中/3~4人),50000,0,,,,12622,연화산,
60541,홍쇼따이즈(小/2人),35000,0,,,,12622,연화산,
60542,즈아따이즈(中/3~4人),50000,0,,,,12622,연화산,
60543,즈아따이즈(小/2人),35000,0,,,,12622,연화산,
60544,라조따이즈(中/3~4人),50000,0,,,,12622,연화산,
60545,라조따이즈(小/2人),35000,0,,,,12622,연화산,
60546,차우숭룽(中/3~4人),70000,0,,,,12622,연화산,
60547,차우숭룽(小/2人),49000,0,,,,12622,연화산,
60548,숭룽주순(中/3~4人),50000,0,,,,12622,연화산,
60549,숭룽주순(小/2人),35000,0,,,,12622,연화산,
60550,"깐쇼,깐펑샤런",38000,0,,,,12622,연화산,
60551,"깐쇼,깐펑,꿔바중샤",42000,0,,,,12622,연화산,
60552,"깐쇼,깐펑,코우따샤",48000,0,,,,12622,연화산,
60553,나이유샤런,52000,0,,,,12622,연화산,
60554,나이유샤런,45000,0,,,,12622,연화산,
60555,나이유샤런,40000,0,,,,12622,연화산,
60556,짼샤빙,42000,0,,,,12622,연화산,
60557,멘보샤,40000,0,,,,12622,연화산,
60558,연화산체자후(大/5~6人),90000,0,,,,12622,연화산,
60559,연화산체자후(中/3~4人),70000,0,,,,12622,연화산,
60560,꿔바싼센(大/5~6人),68000,0,,,,12622,연화산,
60561,꿔바싼센(中/3~4人),45000,0,,,,12622,연화산,
60562,깐뽀위(大/5~6人),83000,0,,,,12622,연화산,
60563,깐뽀위(中/3~4人),55000,0,,,,12622,연화산,
60564,차우싼센(大/5~6人),90000,0,,,,12622,연화산,
60565,차우싼센(中/3~4人),60000,0,,,,12622,연화산,
60566,빠보차이(大/5~6人),60000,0,,,,12622,연화산,
60567,빠보차이(中/3~4人),42000,0,,,,12622,연화산,
60568,류싼스(大/5~6人),60000,0,,,,12622,연화산,
60569,류싼스(中/3~4人),42000,0,,,,12622,연화산,
60570,즈아춘권(大/5~6人),60000,0,,,,12622,연화산,
60571,즈아춘권(中/3~4人),42000,0,,,,12622,연화산,
60572,시진차우쏭(大/5~6人),70000,0,,,,12622,연화산,
60573,시진차우쏭(中/3~4人),45000,0,,,,12622,연화산,
60574,량장피(大/5~6人),60000,0,,,,12622,연화산,
60575,량장피(中/3~4人),40000,0,,,,12622,연화산,
60576,마라또푸(大/5~6人),27000,0,,,,12622,연화산,
60577,마라또푸(中/3~4人),18000,0,,,,12622,연화산,
60578,탕추뉴리지(中/3~4人),55000,0,,,,12622,연화산,
60579,위샹샹구(中/3~4人),38000,0,,,,12622,연화산,
60580,간평상구(中/3~4人),30000,0,,,,12622,연화산,
60581,탕추샹구(中/3~4人),30000,0,,,,12622,연화산,
60582,꿔바산센탕(大/5~6人/순한맛),60000,0,,,,12622,연화산,
60583,꿔바산센탕(大/5~6人/매운맛),60000,0,,,,12622,연화산,
60584,꿔바산센탕(中/3~4人/순한맛),40000,0,,,,12622,연화산,
60585,꿔바산센탕(中/3~4人/매운맛),40000,0,,,,12622,연화산,
60586,쎄로우겅(大/5~6人),50000,0,,,,12622,연화산,
60587,쎄로우겅(中/3~4人),33000,0,,,,12622,연화산,
60588,샤완즈탕(大/5~6人),50000,0,,,,12622,연화산,
60589,샤완즈탕(中/3~4人),33000,0,,,,12622,연화산,
60590,싼센탕(大/5~6人),50000,0,,,,12622,연화산,
60591,싼센탕(中/3~4人),33000,0,,,,12622,연화산,
60592,싼센차우마탕(단품),20000,0,,,,12622,연화산,
60593,싼센위츠(大/5~6人),90000,0,,,,12622,연화산,
60594,싼센위츠(中/3~4人),60000,0,,,,12622,연화산,
60595,하이븐위츠(大/5~6人),72000,0,,,,12622,연화산,
60596,하이븐위츠(中/3~4人),48000,0,,,,12622,연화산,
60597,쎼로우위츠(大/5~6人),75000,0,,,,12622,연화산,
60598,쎄로우위츠(中/3~4人),50000,0,,,,12622,연화산,
60599,꽝똥위츠(大/5~6人),83000,0,,,,12622,연화산,
60600,꽝똥위츠(中/3~4人),55000,0,,,,12622,연화산,
60601,수시진,30000,0,,,,12622,연화산,
60602,호유칭차이,18000,0,,,,12622,연화산,
60603,쇼알동,25000,0,,,,12622,연화산,
60604,쇼치예즈,22000,0,,,,12622,연화산,
60605,탕수육(小),20000,0,,,,12622,연화산,
60606,탕수육(中),25000,0,,,,12622,연화산,
60607,유린기(小),25000,0,,,,12622,연화산,
60608,유린기(中),33000,0,,,,12622,연화산,
60609,깐풍기(小),25000,0,,,,12622,연화산,
60610,깐풍기(中),33000,0,,,,12622,연화산,
60611,양장피(小),28000,0,,,,12622,연화산,
60612,양장피(中),35000,0,,,,12622,연화산,
60613,유산슬(小),32000,0,,,,12622,연화산,
60614,유산슬(中),42000,0,,,,12622,연화산,
60615,팔보채(小),32000,0,,,,12622,연화산,
60616,팔보채(中),42000,0,,,,12622,연화산,
60617,전가복(小),50000,0,,,,12622,연화산,
60618,전가복(中),75000,0,,,,12622,연화산,
60619,깐쇼中새우(小),32000,0,,,,12622,연화산,
60620,깐쇼中새우(中),42000,0,,,,12622,연화산,
60621,깐풍中새우(小),32000,0,,,,12622,연화산,
60622,깐풍中새우(中),42000,0,,,,12622,연화산,
60623,고추잡채(小),28000,0,,,,12622,연화산,
60624,고추잡채(中),35000,0,,,,12622,연화산,
60625,점심특선요리(3인이상주문가능/1인분),20000,0,,,,12622,연화산,
60626,초수(3인이상주문가능/1인분),30000,0,,,,12622,연화산,
60627,최종지(3인이상주문가능/1인분),40000,0,,,,12622,연화산,
60628,군만두,6000,0,,,,12622,연화산,
60629,짜장면,6500,0,,,,12622,연화산,
60630,간짜장,7500,0,,,,12622,연화산,
60631,삼선짜장,9000,0,,,,12622,연화산,
60632,짬뽕,8500,0,,,,12622,연화산,
60633,짬뽕밥,8500,0,,,,12622,연화산,
60634,수제비짬뽕,9000,0,,,,12622,연화산,
60635,볶음밥,7500,0,,,,12622,연화산,
60636,삼선볶음밥,9000,0,,,,12622,연화산,
60637,마파두부밥,8000,0,,,,12622,연화산,
60638,잡채밥,8000,0,,,,12622,연화산,
60639,유산슬밥,16000,0,,,,12622,연화산,
61583,바나나 클라푸티와 피스타치오 아이스크림,18000,0,,,,12694,안뜨레,
61584,마스카포네 크림을 채운 파리 브레스트,18000,0,,,,12694,안뜨레,
61585,피스타치오 나폴레옹과 망고 아이스크림,16000,0,,,,12694,안뜨레,
61586,아메리카노,12000,0,,,,12694,안뜨레,
61587,에스프레소,12000,0,,,,12694,안뜨레,
61588,카페라떼(모카),12000,0,,,,12694,안뜨레,
61589,카페라떼(카라멜),12000,0,,,,12694,안뜨레,
61590,카페라떼(바닐라),12000,0,,,,12694,안뜨레,
61591,카푸치노,12000,0,,,,12694,안뜨레,
61592,카모마일,12000,0,,,,12694,안뜨레,
61593,페퍼민트,12000,0,,,,12694,안뜨레,
61594,녹차,12000,0,,,,12694,안뜨레,
61595,얼 그레이,12000,0,,,,12694,안뜨레,
61596,블랙퍼스트 티,12000,0,,,,12694,안뜨레,
61597,생선 카르파치오와 샴페인 비네그레이트 소스,33000,0,,,,12694,안뜨레,
61598,"바다가재 & 부라타 치즈와 토마토, 바질 페스토, 패션 후르츠 드레싱",33000,0,,,,12694,안뜨레,
61599,"사과 & 프리쎄 샐러드와 관자, 고르곤졸라 치즈, 호두 캔디, 트러플 드레싱",33000,0,,,,12694,안뜨레,
61600,"엔다이브 샐러드와 새우, 아보카도, 앤초비 드레싱",28000,0,,,,12694,안뜨레,
61601,시저 샐러드,30000,0,,,,12694,안뜨레,
61602,차가운 옥수수 스프와 파프리카,18000,0,,,,12694,안뜨레,
61603,크리미한 버섯 스프,19000,0,,,,12694,안뜨레,
61604,클럽 샌드위치와 감자튀김,32000,0,,,,12694,안뜨레,
61605,노보텔 버거와 감자튀김,32000,0,,,,12694,안뜨레,
61606,시저 샐러드 피자와 구운 새우,34000,0,,,,12694,안뜨레,
61607,"파파델레 파스타와 이탈리안 소시지, 포르치니 버섯, 파마산 치즈",32000,0,,,,12694,안뜨레,
61608,킹 크랩 스파게티,33000,0,,,,12694,안뜨레,
61609,버섯 라비올리와 샴페인 트러플 크림소스,35000,0,,,,12694,안뜨레,
61610,오징어 블랙 리조토,32000,0,,,,12694,안뜨레,
61611,"한우 안심 스테이크와 매쉬 포테이토, 피스타치오 페스토, 부라타 치즈와 버터헤드 레터스(1",90000,0,,,,12694,안뜨레,
61612,"한우 등심 스테이크와 매쉬 포테이토, 피스타치오 페스토, 부라타 치즈와 버터헤드 레터스(1",85000,0,,,,12694,안뜨레,
61613,팬 프라이한 농어구이와 알감자와 야채,65000,0,,,,12694,안뜨레,
61614,"로스트 치킨과 매쉬 포테이토, 크림 시금치",48000,0,,,,12694,안뜨레,
61615,콩국수와 갈비구이,57000,0,,,,12694,안뜨레,
61616,민어 맑은 탕,60000,0,,,,12694,안뜨레,
61617,민물 장어 구이와 채소 된장찌개,55000,0,,,,12694,안뜨레,
61618,멍게 해초 비빔밥과 냉 콩나물 국,49000,0,,,,12694,안뜨레,
61619,효종갱,53000,0,,,,12694,안뜨레,
61620,불갈비 1대,25000,0,,,,12694,안뜨레,
61621,장어구이 1마리,40000,0,,,,12694,안뜨레,
61622,TASTING COURSE,120000,0,,,,12694,안뜨레,
61623,LUNCH COURSE,58000,0,,,,12694,안뜨레,
61628,다양한 계란 요리,18000,0,,,,12696,브래서리,
61629,계란 오믈렛,21000,0,,,,12696,브래서리,
61630,햄과 잉글리쉬 머핀을 곁들인 에그 베네딕트,21000,0,,,,12696,브래서리,
61631,오트밀과 따뜻한 우유,13000,0,,,,12696,브래서리,
61632,"베리,바나나와 메이플 시럽을 곁들인 두툼한 팬 케이크",20000,0,,,,12696,브래서리,
61633,꿀과 휘핑 크림을 곁들인 프렌치 토스트,20000,0,,,,12696,브래서리,
61634,화이트(3쪽),12000,0,,,,12696,브래서리,
61635,통밀(3쪽),12000,0,,,,12696,브래서리,
61636,바게트(3쪽),12000,0,,,,12696,브래서리,
61637,롤(3쪽),12000,0,,,,12696,브래서리,
61638,데니쉬(3쪽),12000,0,,,,12696,브래서리,
61639,머핀(3쪽),12000,0,,,,12696,브래서리,
61640,크로아상(3쪽),12000,0,,,,12696,브래서리,
61641,"저지방 요거트,플레인 요거트 또는 과일 요거트",12000,0,,,,12696,브래서리,
61642,신선한 과일을 곁들인 비처 무슬리,12000,0,,,,12696,브래서리,
61643,콘프레이크 또는 브란프레이크,12000,0,,,,12696,브래서리,
61644,하프 자몽,9000,0,,,,12696,브래서리,
61645,신선한 과일,20000,0,,,,12696,브래서리,
61646,"신선하게 짜낸 오렌지, 자몽, 당근 또는 사과",19000,0,,,,12696,브래서리,
61647,커피,12000,0,,,,12696,브래서리,
61648,에스프레소,12000,0,,,,12696,브래서리,
61649,무카페인 커피,12000,0,,,,12696,브래서리,
61650,카페 라떼,13000,0,,,,12696,브래서리,
61651,카푸치노,13000,0,,,,12696,브래서리,
61652,더블 에스프레소,13000,0,,,,12696,브래서리,
61653,플랫 화이트,13000,0,,,,12696,브래서리,
61654,핫 초콜릿,13000,0,,,,12696,브래서리,
61655,아이스 커피,13000,0,,,,12696,브래서리,
61656,아이스 카페 라뗴,14000,0,,,,12696,브래서리,
61657,아이스 카푸치노,14000,0,,,,12696,브래서리,
61658,아이스 초콜릿,14000,0,,,,12696,브래서리,
61659,잉글리쉬 블랙퍼스트,16000,0,,,,12696,브래서리,
61660,얼그레이,16000,0,,,,12696,브래서리,
61661,페퍼민트,16000,0,,,,12696,브래서리,
61662,카모마일,16000,0,,,,12696,브래서리,
61663,자스민차,16000,0,,,,12696,브래서리,
61664,녹차,17000,0,,,,12696,브래서리,
61665,인삼차,16000,0,,,,12696,브래서리,
61666,유자차,16000,0,,,,12696,브래서리,
61667,대추차,16000,0,,,,12696,브래서리,
61668,성인,51000,0,,,,12696,브래서리,
61669,어린이(만4세~만12세),25500,0,,,,12696,브래서리,
61670,"쇠고기 안심 구이,그린 페퍼콘 소스",49000,0,,,,12696,브래서리,
61671,"와규 쇠고기 등심 구이,버섯 소스",71000,0,,,,12696,브래서리,
61672,"양갈비,로즈마리 소스와 민트 소스",56000,0,,,,12696,브래서리,
61673,"메로 구이,토마토 케이퍼 소스",49000,0,,,,12696,브래서리,
61674,"연어 구이,화이트 와인 소스",47000,0,,,,12696,브래서리,
61675,바닐라아이스크림,15000,0,,,,12696,브래서리,
61676,초콜릿아이스크림,15000,0,,,,12696,브래서리,
61677,딸기아이스크림,15000,0,,,,12696,브래서리,
61678,산딸기 소스를 곁들인 치즈 케이크,15000,0,,,,12696,브래서리,
61679,에스프레소 소스를 곁들인 티라미수,15000,0,,,,12696,브래서리,
61680,신선한 계절과일,20000,0,,,,12696,브래서리,
61681,치즈 모듬,22000,0,,,,12696,브래서리,
61682,돌솥비빔밥과 쇠고기 미역국 정식,38000,0,,,,12696,브래서리,
61683,쇠갈비구이와 미역국 정식,49000,0,,,,12696,브래서리,
61684,도가니탕 정식,48000,0,,,,12696,브래서리,
61685,우거지 갈비탕 정식,40000,0,,,,12696,브래서리,
61686,전복죽,42000,0,,,,12696,브래서리,
61687,미역국 정식,37000,0,,,,12696,브래서리,
61688,튀김 우동,28000,0,,,,12696,브래서리,
61689,성인(월~금요일),85000,0,,,,12696,브래서리,
61690,어린이(만4세~12세/월~금요일),42500,0,,,,12696,브래서리,
61691,"성인(공휴일,주말)",95000,0,,,,12696,브래서리,
61692,"어린이(만4세~12세/공휴일,주말)",47500,0,,,,12696,브래서리,
61693,성인,100000,0,,,,12696,브래서리,
61694,어린이(만4세~12세),50000,0,,,,12696,브래서리,
61695,건강식 조찬,41000,0,,,,12696,브래서리,
61696,인터컨디넨탈 서울 코엑스 조찬,40000,0,,,,12696,브래서리,
61697,유럽식 조찬,34000,0,,,,12696,브래서리,
61698,Super 10 salad,28000,0,,,,12696,브래서리,
61699,Caecsar salad,25000,0,,,,12696,브래서리,
61700,Caesar salad with frilled chicken or shrimp,27000,0,,,,12696,브래서리,
61701,Greek salad,23000,0,,,,12696,브래서리,
61702,Grilled vegetables salad,18000,0,,,,12696,브래서리,
61703,Smoked salmon,25000,0,,,,12696,브래서리,
61704,버섯 크림 수프(닭고기 육수),18000,0,,,,12696,브래서리,
61705,토스카나식 야채 수프,18000,0,,,,12696,브래서리,
61706,Club sandwich,32000,0,,,,12696,브래서리,
61707,Crab meat sandwitch,32000,0,,,,12696,브래서리,
61708,&Bulgogi&sandwich,37000,0,,,,12696,브래서리,
61709,InterContinental healthy burger,34000,0,,,,12696,브래서리,
61710,스파게티,30000,0,,,,12696,브래서리,
61711,해산물 추가,8000,0,,,,12696,브래서리,
61712,Margherita Pizza,33000,0,,,,12696,브래서리,
62363,고이꾸온,8500,0,,,,12767,리틀사이공,압구정점
62364,추가주문(1 piece),2000,0,,,,12767,리틀사이공,압구정점
62365,짜죠,8500,0,,,,12767,리틀사이공,압구정점
62366,추가주문(1 piece),1000,0,,,,12767,리틀사이공,압구정점
62367,꾸아짜죠,8500,0,,,,12767,리틀사이공,압구정점
62368,추가주문(1 piece),1000,0,,,,12767,리틀사이공,압구정점
62369,고이싸랏,6000,0,,,,12767,리틀사이공,압구정점
62370,세트변경,2000,0,,,,12767,리틀사이공,압구정점
62371,꼼가,11500,0,,,,12767,리틀사이공,압구정점
62372,칠리꼼톰,14000,0,,,,12767,리틀사이공,압구정점
62373,꼼징능주,13500,0,,,,12767,리틀사이공,압구정점
62374,꼼제인틱꾸아,14500,0,,,,12767,리틀사이공,압구정점
62375,퍼싸오탑깜,14500,0,,,,12767,리틀사이공,압구정점
62376,퍼싸오,13000,0,,,,12767,리틀사이공,압구정점
62377,분짜(1인분),14000,0,,,,12767,리틀사이공,압구정점
62378,퍼보1(Medium),11500,0,,,,12767,리틀사이공,압구정점
62379,퍼보2(Medium),12500,0,,,,12767,리틀사이공,압구정점
62380,퍼보3(Medium),12500,0,,,,12767,리틀사이공,압구정점
62381,퍼보4(Medium),13000,0,,,,12767,리틀사이공,압구정점
62382,퍼보1(Large),13000,0,,,,12767,리틀사이공,압구정점
62383,퍼보2(Large),14000,0,,,,12767,리틀사이공,압구정점
62384,퍼보3(Large),14000,0,,,,12767,리틀사이공,압구정점
62385,퍼보4(Large),14500,0,,,,12767,리틀사이공,압구정점
62386,퍼가(Medium),11500,0,,,,12767,리틀사이공,압구정점
62387,퍼가(Large),13000,0,,,,12767,리틀사이공,압구정점
62388,퍼탑깜(Medium),13000,0,,,,12767,리틀사이공,압구정점
62389,퍼탑깜(Large),14500,0,,,,12767,리틀사이공,압구정점
62390,분보싸오(Medium),11500,0,,,,12767,리틀사이공,압구정점
62391,분보싸오(Large),13000,0,,,,12767,리틀사이공,압구정점
62392,월남쌈(Medium),35000,0,,,,12767,리틀사이공,압구정점
62393,월남쌈(Large),40000,0,,,,12767,리틀사이공,압구정점
62394,간가징늑맘,12000,0,,,,12767,리틀사이공,압구정점
62395,까페쓰어다(ice),4500,0,,,,12767,리틀사이공,압구정점
62396,까페다(ice),4500,0,,,,12767,리틀사이공,압구정점
62397,콜라,3000,0,,,,12767,리틀사이공,압구정점
62398,사이다,3000,0,,,,12767,리틀사이공,압구정점
62399,환타,3000,0,,,,12767,리틀사이공,압구정점
62400,립톤복숭아맛,5000,0,,,,12767,리틀사이공,압구정점
62401,참이슬,4000,0,,,,12767,리틀사이공,압구정점
62402,처음처럼,4000,0,,,,12767,리틀사이공,압구정점
62403,이즈백,4000,0,,,,12767,리틀사이공,압구정점
62404,생맥주,3500,0,,,,12767,리틀사이공,압구정점
62405,테라,5000,0,,,,12767,리틀사이공,압구정점
62406,사이공 비어,6000,0,,,,12767,리틀사이공,압구정점
62407,면사리 추가,3000,0,,,,12767,리틀사이공,압구정점
62408,고기추가,2000,0,,,,12767,리틀사이공,압구정점
65162,뼈다귀탕,8000,0,,,,12965,탕탕집,논현본점
65163,설렁탕,8000,0,,,,12965,탕탕집,논현본점
65164,갈비탕,12000,0,,,,12965,탕탕집,논현본점
65165,도가니탕,16000,0,,,,12965,탕탕집,논현본점
65166,꼬리곰탕,16000,0,,,,12965,탕탕집,논현본점
65167,접시수육,15000,0,,,,12965,탕탕집,논현본점
65168,만두(6개),4000,0,,,,12965,탕탕집,논현본점
65169,사리(생라면),2000,0,,,,12965,탕탕집,논현본점
65170,사리(당면),2000,0,,,,12965,탕탕집,논현본점
65171,사리(수제비),2000,0,,,,12965,탕탕집,논현본점
65172,공기밥,1000,0,,,,12965,탕탕집,논현본점
65173,볶음밥,2000,0,,,,12965,탕탕집,논현본점
65174,리코타치즈샐러드,4000,0,,,,12965,탕탕집,논현본점
65175,감자탕(소),23000,0,,,,12965,탕탕집,논현본점
65176,감자탕(중),29000,0,,,,12965,탕탕집,논현본점
65177,감자탕(대),35000,0,,,,12965,탕탕집,논현본점
65178,감자탕 뼈추가,8000,0,,,,12965,탕탕집,논현본점
65179,갈비찜(순한맛/소),29000,0,,,,12965,탕탕집,논현본점
65180,갈비찜(순한맛/중),39000,0,,,,12965,탕탕집,논현본점
65181,갈비찜(순한맛/대),49000,0,,,,12965,탕탕집,논현본점
65182,갈비찜(매운맛/소),29000,0,,,,12965,탕탕집,논현본점
65183,갈비찜(매운맛/중),39000,0,,,,12965,탕탕집,논현본점
65184,갈비찜(매운맛/대),59000,0,,,,12965,탕탕집,논현본점
65185,갈비찜 추가,13000,0,,,,12965,탕탕집,논현본점
65186,꼬리찜(순한맛/소),35000,0,,,,12965,탕탕집,논현본점
65187,꼬리찜(순한맛/중),47000,0,,,,12965,탕탕집,논현본점
65188,꼬리찜(순한맛/대),59000,0,,,,12965,탕탕집,논현본점
65189,꼬리찜(매운맛/소),35000,0,,,,12965,탕탕집,논현본점
65190,꼬리찜(매운맛/중),47000,0,,,,12965,탕탕집,논현본점
65191,꼬리찜(매운맛/대),59000,0,,,,12965,탕탕집,논현본점
65192,꼬리찜 추가,14000,0,,,,12965,탕탕집,논현본점
65193,음료수,2000,0,,,,12965,탕탕집,논현본점
65194,소주,4000,0,,,,12965,탕탕집,논현본점
65195,맥주,4000,0,,,,12965,탕탕집,논현본점
65196,청하,5000,0,,,,12965,탕탕집,논현본점
72312,모둠초밥,14000,0,,,,13532,딥블루,
72313,특모둠초밥,23000,0,,,,13532,딥블루,
72314,생연어초밥,18000,0,,,,13532,딥블루,
72315,광어초밥,18000,0,,,,13532,딥블루,
72316,광어/생연어초밥,18000,0,,,,13532,딥블루,
72317,장어초밥,20000,0,,,,13532,딥블루,
72318,커플세트A(2인분),30000,0,,,,13532,딥블루,
72319,커플세트B(2인분),35000,0,,,,13532,딥블루,
72320,히레돈카츠,13000,0,,,,13532,딥블루,
72321,다이돈카츠,13000,0,,,,13532,딥블루,
72322,마늘돈카츠,13500,0,,,,13532,딥블루,
72323,멕시칸치즈돈카츠,13500,0,,,,13532,딥블루,
72324,고구마치즈돈카츠,13500,0,,,,13532,딥블루,
72325,치킨카츠,13500,0,,,,13532,딥블루,
72326,자루소바,10000,0,,,,13532,딥블루,
72327,자루소바세트,14500,0,,,,13532,딥블루,
72328,비빔모밀,11500,0,,,,13532,딥블루,
72329,야채냉모밀,10000,0,,,,13532,딥블루,
72330,야채냉모밀세트,15500,0,,,,13532,딥블루,
72331,우나기돈부리(장어덮밥),13500,0,,,,13532,딥블루,
72332,돈카츠세트,11000,0,,,,13532,딥블루,
72333,회덮밥,12000,0,,,,13532,딥블루,
72334,덴뿌라우동,9500,0,,,,13532,딥블루,
72335,김치우동,9500,0,,,,13532,딥블루,
72336,롤치즈세트,10000,0,,,,13532,딥블루,
72337,특선초밥,9900,0,,,,13532,딥블루,
72338,1인 사시미세트,23000,0,,,,13532,딥블루,
72339,커플 B Set,35000,0,,,,13532,딥블루,
72340,스페셜초밥(14p),17000,0,,,,13532,딥블루,
72341,생연어(12p),15000,0,,,,13532,딥블루,
72342,대광어(12p),16000,0,,,,13532,딥블루,
72343,장어초밥(12p),20000,0,,,,13532,딥블루,
72344,우나기초밥(10p),25000,0,,,,13532,딥블루,
72345,수제간장새우초밥(12p),14000,0,,,,13532,딥블루,
72346,세트메뉴1,15000,0,,,,13532,딥블루,
72347,소고기직화초밥(10p),13000,0,,,,13532,딥블루,
72348,세트메뉴2,13000,0,,,,13532,딥블루,
72349,사케동,11000,0,,,,13532,딥블루,
94879,활어광어초밥(14pcs),16000,0,,,,12397,아오끼,
95109,고추짬뽕,9000,0,,,,12622,연화산,
651953,전주 비빔밥정식,8000,0,,,,63435,작은집,
797340,베이컨 포테이토 피자,4500,0,,,,91324,이삭토스트,일원점
797344,소세지(더블),3900,0,,,,91324,이삭토스트,일원점
797348,소세지(트리플),4400,0,,,,91324,이삭토스트,일원점
797352,피자,3900,0,,,,91324,이삭토스트,일원점
797356,딥치즈 베이컨,3500,0,,,,91324,이삭토스트,일원점
797360,햄치즈 포테이토,3300,0,,,,91324,이삭토스트,일원점
797365,베이컨 치즈 베이글,3900,0,,,,91324,이삭토스트,일원점
797368,핫치킨 MVP,3700,0,,,,91324,이삭토스트,일원점
797371,칠리새우,3900,0,,,,91324,이삭토스트,일원점
797374,딥치즈 베이컨 포테이토,4100,0,,,,91324,이삭토스트,일원점
797377,베이컨 베스트,3300,0,,,,91324,이삭토스트,일원점
797381,불갈비 MVP,3900,0,,,,91324,이삭토스트,일원점
797384,새우,3900,0,,,,91324,이삭토스트,일원점
797388,맵달맵달 리챔,3900,0,,,,91324,이삭토스트,일원점
797391,불갈비 MVP,3500,0,,,,91324,이삭토스트,일원점
797397,스테이크 햄 MVP,3500,0,,,,91324,이삭토스트,일원점
797402,감자,3100,0,,,,91324,이삭토스트,일원점
797409,햄 스페셜,2900,0,,,,91324,이삭토스트,일원점
797413,햄치즈,2600,0,,,,91324,이삭토스트,일원점
797418,아메리카노,2500,0,,,,91324,이삭토스트,일원점
797423,레몬,3000,0,,,,91324,이삭토스트,일원점
797427,자몽,3000,0,,,,91324,이삭토스트,일원점
797432,청포도,3000,0,,,,91324,이삭토스트,일원점
797438,밀크,3500,0,,,,91324,이삭토스트,일원점
797443,딸기,3500,0,,,,91324,이삭토스트,일원점
797447,초코,3500,0,,,,91324,이삭토스트,일원점
797451,딸기,3000,0,,,,91324,이삭토스트,일원점
797455,키위,3000,0,,,,91324,이삭토스트,일원점
797458,애플망고,3000,0,,,,91324,이삭토스트,일원점
797462,바나나,3000,0,,,,91324,이삭토스트,일원점
797465,딸기바나나,3500,0,,,,91324,이삭토스트,일원점
797468,초코바나나,3500,0,,,,91324,이삭토스트,일원점
797471,아이스티,2500,0,,,,91324,이삭토스트,일원점
797475,더블치즈 리챔,4100,0,,,,91324,이삭토스트,일원점
865851,콰이(돼지고기)탕수육 R,28000,0,,,,105089,콰이,
865854,콰이(돼지고기)탕수육 L,40000,0,,,,105089,콰이,
865856,콰이(쇠고기)탕수육 R,32000,0,,,,105089,콰이,
865859,콰이(쇠고기)탕수육 L,45000,0,,,,105089,콰이,
865862,난자완스 R,35000,0,,,,105089,콰이,
865865,난자완스 L,48000,0,,,,105089,콰이,
865868,안심철판 야채볶음(중화풍 안심 커틀렛),38000,0,,,,105089,콰이,
865871,안심아스파라거스 XO소스 R,38000,0,,,,105089,콰이,
865874,안심아스파라거스 XO소스 L,53000,0,,,,105089,콰이,
865877,청경채 삼겹살찜 R,38000,0,,,,105089,콰이,
865879,청경채 삼겹살찜 L,52000,0,,,,105089,콰이,
865881,등갈비 깐풍소스 R,38000,0,,,,105089,콰이,
865883,등갈비 깐풍소스 L,56000,0,,,,105089,콰이,
865885,중새우 칠리소스 R,36000,0,,,,105089,콰이,
865887,중새우 칠리소스 L,52000,0,,,,105089,콰이,
865888,중새우 깐풍소스 R,36000,0,,,,105089,콰이,
865891,중새우 깐풍소스 L,52000,0,,,,105089,콰이,
865895,중새우 크림소스 R,36000,0,,,,105089,콰이,
865899,중새우 크림소스 L,52000,0,,,,105089,콰이,
865903,멘보샤(6P),32000,0,,,,105089,콰이,
865908,멘보샤 1P 추가,5000,0,,,,105089,콰이,
865912,치즈쉬림프볼 (6P),32000,0,,,,105089,콰이,
865916,블랙페퍼 꽃게(동남아 스타일/2마리),50000,0,,,,105089,콰이,
865919,해삼쥬스,72000,0,,,,105089,콰이,
865923,일품해삼,68000,0,,,,105089,콰이,
865927,송이해삼전복,78000,0,,,,105089,콰이,
865933,활전복찜(1P),25000,0,,,,105089,콰이,
865939,북경샥스핀 R,44000,0,,,,105089,콰이,
865944,북경샥스핀 L,62000,0,,,,105089,콰이,
865949,가지어향소스 R,28000,0,,,,105089,콰이,
865954,가지어향소스 L,35000,0,,,,105089,콰이,
865958,숙주 돼지고기볶음 R,28000,0,,,,105089,콰이,
865963,숙주 돼지고기볶음 L,35000,0,,,,105089,콰이,
865968,소고기 파 볶음,28000,0,,,,105089,콰이,
865973,소고기 피망 볶음(고추잡채),30000,0,,,,105089,콰이,
865977,유산슬 R,28000,0,,,,105089,콰이,
865980,유산슬 L,42000,0,,,,105089,콰이,
865983,전가복,48000,0,,,,105089,콰이,
865986,누룽지탕,38000,0,,,,105089,콰이,
865989,XO소스 당면잡채 R,28000,0,,,,105089,콰이,
865993,XO소스 당면잡채 L,42000,0,,,,105089,콰이,
865997,A,80000,0,,,,105089,콰이,
866001,B,100000,0,,,,105089,콰이,
866004,신라탕,10000,0,,,,105089,콰이,
866008,게살스프,10000,0,,,,105089,콰이,
866010,게살샥스핀스프,15000,0,,,,105089,콰이,
866013,오향장육,30000,0,,,,105089,콰이,
866014,양장피 R,30000,0,,,,105089,콰이,
866016,양장피 L,44000,0,,,,105089,콰이,
866018,사천식 마파두부,28000,0,,,,105089,콰이,
866020,게살 두부,28000,0,,,,105089,콰이,
866021,깐풍기 R,28000,0,,,,105089,콰이,
866022,깐풍기 L,42000,0,,,,105089,콰이,
866023,유린기(중화풍 닭고기 커틀렛) R,28000,0,,,,105089,콰이,
866024,유린기(중화풍 닭고기 커틀렛) L,42000,0,,,,105089,콰이,
866025,라조기 R,30000,0,,,,105089,콰이,
866026,라조기 L,42000,0,,,,105089,콰이,
866027,매운 고추 닭날개(마른 고추가 가득한 닭날개) R,28000,0,,,,105089,콰이,
866028,매운 고추 닭날개(마른 고추가 가득한 닭날개) L,42000,0,,,,105089,콰이,
866030,XO게살볶음밥,12000,0,,,,105089,콰이,
866032,깐풍XO볶음밥,13000,0,,,,105089,콰이,
866035,콰이볶음밥,12000,0,,,,105089,콰이,
866038,유산슬밥,12000,0,,,,105089,콰이,
866041,잡탕밥,15000,0,,,,105089,콰이,
866044,마파두부밥,12000,0,,,,105089,콰이,
866048,수제군만두(4P),6000,0,,,,105089,콰이,
866052,꽃빵(4P),5000,0,,,,105089,콰이,
866056,튀김꽃빵과 연유(4P),6000,0,,,,105089,콰이,
866059,삼선짜장면,10000,0,,,,105089,콰이,
866064,삼선짬뽕,12000,0,,,,105089,콰이,
866068,하얀짬뽕,12000,0,,,,105089,콰이,
866072,울면,12000,0,,,,105089,콰이,
866076,매운 해물볶음 짜장,15000,0,,,,105089,콰이,
866081,꽃게 볶음 짬뽕,15000,0,,,,105089,콰이,
866086,중국식냉면(계절메뉴),12000,0,,,,105089,콰이,
866090,굴짬뽕(계절메뉴),12000,0,,,,105089,콰이,
3345355,토마호크 스테이크 SET,156000,0,,,,15016,더플레이스,스타필드 코엑스점
3345356,포터하우스 스테이크 SET,153000,0,,,,15016,더플레이스,스타필드 코엑스점
3345357,SET A(평일/~4PM),42800,0,,,,15016,더플레이스,스타필드 코엑스점
3345358,SET B(평일/~4PM),49800,0,,,,15016,더플레이스,스타필드 코엑스점
3345359,SET C(평일/~4PM),77800,0,,,,15016,더플레이스,스타필드 코엑스점
3345360,BEST SET,55000,0,,,,15016,더플레이스,스타필드 코엑스점
3345361,SIGNATURE SET,62700,0,,,,15016,더플레이스,스타필드 코엑스점
3345362,블랙 모짜볼,6800,0,,,,15016,더플레이스,스타필드 코엑스점
3345363,스모키 돔 스테이크,39000,0,,,,15016,더플레이스,스타필드 코엑스점
3345364,리코타 프루타 샐러드,14500,0,,,,15016,더플레이스,스타필드 코엑스점
3345365,잠봉 시저 샐러드,15700,0,,,,15016,더플레이스,스타필드 코엑스점
3345366,살모네 샐러드,16800,0,,,,15016,더플레이스,스타필드 코엑스점
3345367,스테이크 샐러드,21900,0,,,,15016,더플레이스,스타필드 코엑스점
3345368,비건 미트 샐러드,21900,0,,,,15016,더플레이스,스타필드 코엑스점
3345369,시즈널 스프,5500,0,,,,15016,더플레이스,스타필드 코엑스점
3345370,블랙 모짜볼,8700,0,,,,15016,더플레이스,스타필드 코엑스점
3345371,양념감자 프라이즈,6000,0,,,,15016,더플레이스,스타필드 코엑스점
3345372,트러플 프라이즈,7500,0,,,,15016,더플레이스,스타필드 코엑스점
3345373,치킨 앤 칩스,17500,0,,,,15016,더플레이스,스타필드 코엑스점
3345374,치즈칩 아마트리치아나,19200,0,,,,15016,더플레이스,스타필드 코엑스점
3345375,마레 파스타,21100,0,,,,15016,더플레이스,스타필드 코엑스점
3345376,까르보나라 페투치니,20300,0,,,,15016,더플레이스,스타필드 코엑스점
3345377,크림 마레파스타,21100,0,,,,15016,더플레이스,스타필드 코엑스점
3345378,쉬림프 로제 링귀네,21200,0,,,,15016,더플레이스,스타필드 코엑스점
3345379,뽈리뽀 알리오 올리오,22900,0,,,,15016,더플레이스,스타필드 코엑스점
3345380,가든 관자 파스타,20800,0,,,,15016,더플레이스,스타필드 코엑스점
3345381,크랩 로제 리조또,22800,0,,,,15016,더플레이스,스타필드 코엑스점
3345382,페스카토레 리조또,21000,0,,,,15016,더플레이스,스타필드 코엑스점
3345383,크림 페스카토레 리조또,21000,0,,,,15016,더플레이스,스타필드 코엑스점
3345384,잠봉 뵈르 피자,23200,0,,,,15016,더플레이스,스타필드 코엑스점
3345385,트러플 풍기 피자,23400,0,,,,15016,더플레이스,스타필드 코엑스점
3345386,루꼴라 부라타 치즈 피자,23800,0,,,,15016,더플레이스,스타필드 코엑스점
3345387,고르곤졸라 피자,20500,0,,,,15016,더플레이스,스타필드 코엑스점
3345388,프레시 마르게리타 피자,13900,0,,,,15016,더플레이스,스타필드 코엑스점
3345389,폭탄피자,23500,0,,,,15016,더플레이스,스타필드 코엑스점
3345390,고르곤졸라&프레시 마르게리따,21700,0,,,,15016,더플레이스,스타필드 코엑스점
3345391,딸리아따 디 만조,59500,0,,,,15016,더플레이스,스타필드 코엑스점
3345392,스모키 돔 채끝 스테이크,45000,0,,,,15016,더플레이스,스타필드 코엑스점
3345393,블랙앵거스 립아이 스테이크,48900,0,,,,15016,더플레이스,스타필드 코엑스점
3345394,트러플&부라타 치즈 스테이크(채끝등심/210G),42500,0,,,,15016,더플레이스,스타필드 코엑스점
3345395,트러플&부라타 치즈 스테이크(안심/150G),45500,0,,,,15016,더플레이스,스타필드 코엑스점
3345396,디저트 세트,12000,0,,,,15016,더플레이스,스타필드 코엑스점
3345397,아메리카노,4500,0,,,,15016,더플레이스,스타필드 코엑스점
3345398,DELIZIOSO Set,61800,0,,,,15016,더플레이스,스타필드 코엑스점
3345399,ITALIAN STEAK Set,85700,0,,,,15016,더플레이스,스타필드 코엑스점
3345400,하우스 와인,2000,0,,,,15016,더플레이스,스타필드 코엑스점
3345401,맥주,2000,0,,,,15016,더플레이스,스타필드 코엑스점
3345402,립아이 스테이크(460g),49800,0,,,,15016,더플레이스,스타필드 코엑스점
